filename,words
thai_0_line9_Athiti_Medium.png,พิมพ์ซ้ำ
thai_0_line10_Athiti_Medium.png,จำนวนแขก 1
thai_0_line11_Athiti_Medium.png,ใบเสร็จรับเงินอย่างเป็นทางการ 0000200002
thai_0_line12_Athiti_Medium.png,เทอม 1 Cshr JAM
thai_0_line13_Athiti_Medium.png,เดินเข้า
thai_0_line15_Athiti_Medium.png,จำนวน รายละเอียด s ราคา
thai_0_line17_Athiti_Medium.png,รับประทานอาหารใน
thai_0_line18_Athiti_Medium.png,1 00 1 Doz Wings World 348 00 V
thai_0_line19_Athiti_Medium.png,1 รายการ
thai_0_line20_Athiti_Medium.png,รวมทั้งหมด 348 00
thai_0_line22_Athiti_Medium.png,รวม 348 00
thai_0_line23_Athiti_Medium.png,ประกวดราคา
thai_0_line24_Athiti_Medium.png,เงินสด 500 00
thai_0_line25_Athiti_Medium.png,เปลี่ยน 152 00
thai_0_line27_Athiti_Medium.png,VATable Sales V 310 71
thai_0_line28_Athiti_Medium.png,ภาษีมูลค่าเพิ่ม 37 29
thai_0_line29_Athiti_Medium.png,การขายยกเว้นภาษีมูลค่าเพิ่ม E 0 00
thai_0_line30_Athiti_Medium.png,ยอดขายเป็นศูนย์ Z 0 00
thai_0_line32_Athiti_Medium.png,04 27 2017 03 09 43 น
thai_0_line33_Athiti_Medium.png,ชื่อ
thai_0_line34_Athiti_Medium.png,ที่อยู่
thai_0_line35_Athiti_Medium.png,เชื่อ
thai_0_line36_Athiti_Medium.png,สไตล์ธุรกิจ
thai_0_line37_Athiti_Medium.png,Cyber Frontier Electronics Trading Inc
thai_0_line38_Athiti_Medium.png,2 Narra Drive Palmera Hts ซานฮวน
thai_0_line39_Athiti_Medium.png,เคนตา ริซาล
thai_0_line40_Athiti_Medium.png,ภาษีมูลค่าเพิ่ม TIN 006 737 173 00000
thai_0_line41_Athiti_Medium.png,หมายเลขบัญชี 0460067371730006116867
thai_0_line42_Athiti_Medium.png,วันที่ออก 03 01 2013
thai_0_line43_Athiti_Medium.png,ใช้ได้จนถึง 07 31 2021
thai_0_line44_Athiti_Medium.png,PTU หมายเลข FP092015 044 0054919 00001
thai_0_line45_Athiti_Medium.png,วันที่ออก 09 24 2015
thai_0_line46_Athiti_Medium.png,ใช้ได้จนถึง 07 31 2021
thai_0_line47_Athiti_Medium.png,ใบเสร็จรับเงินนี้จะใช้ได้จริง
thai_0_line48_Athiti_Medium.png,เป็นเวลา 5 ปีนับจากนี้
thai_0_line49_Athiti_Medium.png,วันที่ใช้สิทธิ์
thai_0_line50_Athiti_Medium.png,นี้ทำหน้าที่เป็นใบเสร็จรับเงินอย่างเป็นทางการ
thai_0_line51_Athiti_Medium.png,แวะมาขอบคุณอีกครั้งค่ะ
thai_0_line52_Athiti_Medium.png,www frankiesnywings com
thai_0_line53_Athiti_Medium.png,เฟสบุ๊ค แฟรงกี้วิงส์
thai_0_line54_Athiti_Medium.png,อินสตาแกรม ทวิตเตอร์ แฟรงกี้วิงส์
thai_0_line62_Athiti_Medium.png,1615358026
thai_1_line11_Athiti_Medium.png,ใบเสร็จรับเงินอย่างเป็นทางการ 0000215468
thai_1_line12_Athiti_Medium.png,เทอร์มินอล 1
thai_1_line13_Athiti_Medium.png,เดินเข้า
thai_1_line14_Athiti_Medium.png,Cshr จอราลีน
thai_1_line16_Athiti_Medium.png,จำนวน รายละเอียด s ราคา
thai_1_line18_Athiti_Medium.png,รับประทานอาหารใน
thai_1_line19_Athiti_Medium.png,1 00 1 2 DOZ SP W BC 188 00
thai_1_line20_Athiti_Medium.png,1 00 1 2 DOZ MILD BLUE CHEES 188 00
thai_1_line21_Athiti_Medium.png,2 00 โค้ก 16 ออนซ์ 80 00
thai_1_line22_Athiti_Medium.png,"40,000"
thai_1_line23_Athiti_Medium.png,2 00 ข้าว 50 00
thai_1_line24_Athiti_Medium.png,25 00
thai_1_line25_Athiti_Medium.png,6 รายการ
thai_1_line26_Athiti_Medium.png,รวมย่อย 506 00
thai_1_line28_Athiti_Medium.png,รวม 506 00
thai_1_line29_Athiti_Medium.png,ประกวดราคา
thai_1_line30_Athiti_Medium.png,AMEX 506 00
thai_1_line31_Athiti_Medium.png,เปลี่ยน 0 00
thai_1_line33_Athiti_Medium.png,Vatable Sales 451 79
thai_1_line34_Athiti_Medium.png,ภาษีมูลค่าเพิ่ม 12 00 54 21
thai_1_line35_Athiti_Medium.png,ขายยกเว้นภาษีมูลค่าเพิ่ม 0 00
thai_1_line36_Athiti_Medium.png,ยอดขายเป็นศูนย์ 0 00
thai_1_line38_Athiti_Medium.png,6 3 2017 20 45 24
thai_1_line39_Athiti_Medium.png,หมายเลขบัตร 369
thai_1_line40_Athiti_Medium.png,ผู้ถือบัตร TAYAM RANDY A
thai_1_line41_Athiti_Medium.png,ธนาคาร BDO
thai_1_line42_Athiti_Medium.png,วันที่ 19 04
thai_1_line43_Athiti_Medium.png,รหัสแอป 439928
thai_1_line44_Athiti_Medium.png,พิมพ์ซ้ำ
thai_1_line45_Athiti_Medium.png,ชื่อ
thai_1_line46_Athiti_Medium.png,ที่อยู่
thai_1_line47_Athiti_Medium.png,เชื่อ
thai_1_line48_Athiti_Medium.png,Cyber Frontier Electronics Trading Inc
thai_1_line49_Athiti_Medium.png,2 Narra Drive Palmera Hts ซานฮวน
thai_1_line50_Athiti_Medium.png,เคนตา ริซาล
thai_1_line51_Athiti_Medium.png,ภาษีมูลค่าเพิ่ม TIN 006 737 173 00000
thai_1_line52_Athiti_Medium.png,หมายเลขบัญชี 0460067371730006116867
thai_1_line53_Athiti_Medium.png,วันที่ออก 03 01 2013
thai_1_line54_Athiti_Medium.png,ใช้ได้จนถึง 07 31 2020
thai_1_line55_Athiti_Medium.png,PTU หมายเลข FP092015 044 0054919 00001
thai_1_line56_Athiti_Medium.png,วันที่ออก 09 24 2015
thai_1_line57_Athiti_Medium.png,ใช้ได้จนถึง 09 23 2020
thai_1_line58_Athiti_Medium.png,ใบเสร็จรับเงินนี้จะใช้ได้จริง
thai_1_line59_Athiti_Medium.png,เป็นเวลา 5 ปีนับจากนี้
thai_1_line60_Athiti_Medium.png,วันที่ใช้สิทธิ์
thai_1_line61_Athiti_Medium.png,นี้ทำหน้าที่เป็นใบเสร็จรับเงินอย่างเป็นทางการ
thai_1_line62_Athiti_Medium.png,แวะมาขอบคุณอีกครั้งค่ะ
thai_1_line63_Athiti_Medium.png,WE DELIVER www foodpanda พะเยา
thai_1_line64_Athiti_Medium.png,www frankiesnywings com
thai_1_line65_Athiti_Medium.png,เฟสบุ๊ค แฟรงกี้วิงส์
thai_1_line66_Athiti_Medium.png,อินสตาแกรม ทวิตเตอร์ แฟรงกี้วิงส์
thai_1_line74_Athiti_Medium.png,1594456795
thai_2_line10_Athiti_Medium.png,จำนวนแขก 1
thai_2_line11_Athiti_Medium.png,ใบเสร็จรับเงินอย่างเป็นทางการ 0000221969
thai_2_line12_Athiti_Medium.png,วาระที่ 1 Cshr JORALYN
thai_2_line13_Athiti_Medium.png,เดินเข้า
thai_2_line15_Athiti_Medium.png,จำนวน รายละเอียด s ราคา
thai_2_line17_Athiti_Medium.png,รับประทานอาหารใน
thai_2_line18_Athiti_Medium.png,2 00 ข้าว 50 00 V
thai_2_line19_Athiti_Medium.png,25 00
thai_2_line20_Athiti_Medium.png,2 รายการ
thai_2_line21_Athiti_Medium.png,"ยอดรวม 50,000"
thai_2_line23_Athiti_Medium.png,"รวม 50,000"
thai_2_line24_Athiti_Medium.png,ประกวดราคา
thai_2_line25_Athiti_Medium.png,"เงินสด 50,000"
thai_2_line26_Athiti_Medium.png,เปลี่ยน 0 00
thai_2_line28_Athiti_Medium.png,VATable Sales V 44 64
thai_2_line29_Athiti_Medium.png,ภาษีมูลค่าเพิ่ม 5 36
thai_2_line30_Athiti_Medium.png,การขายยกเว้นภาษีมูลค่าเพิ่ม E 0 00
thai_2_line31_Athiti_Medium.png,ยอดขายเป็นศูนย์ Z 0 00
thai_2_line33_Athiti_Medium.png,06 19 2017 12 24 18 น.
thai_2_line34_Athiti_Medium.png,ชื่อ
thai_2_line35_Athiti_Medium.png,ที่อยู่
thai_2_line36_Athiti_Medium.png,เชื่อ
thai_2_line37_Athiti_Medium.png,สไตล์ธุรกิจ
thai_2_line38_Athiti_Medium.png,Cyber Frontier Electronics Trading Inc
thai_2_line39_Athiti_Medium.png,2 Narra Drive Palmera Hts ซานฮวน
thai_2_line40_Athiti_Medium.png,เคนตา ริซาล
thai_2_line41_Athiti_Medium.png,ภาษีมูลค่าเพิ่ม TIN 006 737 173 00000
thai_2_line42_Athiti_Medium.png,หมายเลขบัญชี 0460067371730006116867
thai_2_line43_Athiti_Medium.png,วันที่ออก 03 01 2013
thai_2_line44_Athiti_Medium.png,ใช้ได้จนถึง 07 31 2021
thai_2_line45_Athiti_Medium.png,PTU หมายเลข FP092015 044 0054919 00001
thai_2_line46_Athiti_Medium.png,วันที่ออก 09 24 2015
thai_2_line47_Athiti_Medium.png,ใช้ได้จนถึง 07 31 2021
thai_2_line48_Athiti_Medium.png,ใบเสร็จรับเงินนี้จะใช้ได้จริง
thai_2_line49_Athiti_Medium.png,เป็นเวลา 5 ปีนับจากนี้
thai_2_line50_Athiti_Medium.png,วันที่ใช้สิทธิ์
thai_2_line51_Athiti_Medium.png,นี้ทำหน้าที่เป็นใบเสร็จรับเงินอย่างเป็นทางการ
thai_2_line52_Athiti_Medium.png,แวะมาขอบคุณอีกครั้งค่ะ
thai_2_line53_Athiti_Medium.png,www frankiesnywings com
thai_2_line54_Athiti_Medium.png,เฟสบุ๊ค แฟรงกี้วิงส์
thai_2_line55_Athiti_Medium.png,อินสตาแกรม ทวิตเตอร์ แฟรงกี้วิงส์
thai_2_line63_Athiti_Medium.png,1613376832
